
BEGIN TRANSACTION;
CREATE TABLE IF NOT EXISTS "django_migrations" ("id" integer NOT NULL PRIMARY KEY AUTOINCREMENT, "app" varchar(255) NOT NULL, "name" varchar(255) NOT NULL, "applied" datetime NOT NULL);
INSERT INTO django_migrations VALUES(1,'contenttypes','0001_initial','2022-10-20 08:36:06.822202');
INSERT INTO django_migrations VALUES(2,'auth','0001_initial','2022-10-20 08:36:06.838823');
INSERT INTO django_migrations VALUES(3,'admin','0001_initial','2022-10-20 08:36:06.850526');
INSERT INTO django_migrations VALUES(4,'admin','0002_logentry_remove_auto_add','2022-10-20 08:36:06.859903');
INSERT INTO django_migrations VALUES(5,'admin','0003_logentry_add_action_flag_choices','2022-10-20 08:36:06.867499');
INSERT INTO django_migrations VALUES(6,'contenttypes','0002_remove_content_type_name','2022-10-20 08:36:06.881950');
INSERT INTO django_migrations VALUES(7,'auth','0002_alter_permission_name_max_length','2022-10-20 08:36:06.891313');
INSERT INTO django_migrations VALUES(8,'auth','0003_alter_user_email_max_length','2022-10-20 08:36:06.900467');
INSERT INTO django_migrations VALUES(9,'auth','0004_alter_user_username_opts','2022-10-20 08:36:06.909134');
INSERT INTO django_migrations VALUES(10,'auth','0005_alter_user_last_login_null','2022-10-20 08:36:06.918198');
INSERT INTO django_migrations VALUES(11,'auth','0006_require_contenttypes_0002','2022-10-20 08:36:06.921909');
INSERT INTO django_migrations VALUES(12,'auth','0007_alter_validators_add_error_messages','2022-10-20 08:36:06.928789');
INSERT INTO django_migrations VALUES(13,'auth','0008_alter_user_username_max_length','2022-10-20 08:36:06.937783');
INSERT INTO django_migrations VALUES(14,'auth','0009_alter_user_last_name_max_length','2022-10-20 08:36:06.954664');
INSERT INTO django_migrations VALUES(15,'auth','0010_alter_group_name_max_length','2022-10-20 08:36:06.972441');
INSERT INTO django_migrations VALUES(16,'auth','0011_update_proxy_permissions','2022-10-20 08:36:06.982980');
INSERT INTO django_migrations VALUES(17,'auth','0012_alter_user_first_name_max_length','2022-10-20 08:36:06.993588');
INSERT INTO django_migrations VALUES(18,'pcMaker','0001_initial','2022-10-20 08:36:07.013932');
INSERT INTO django_migrations VALUES(19,'sessions','0001_initial','2022-10-20 08:36:07.021145');
CREATE TABLE IF NOT EXISTS "auth_group_permissions" ("id" integer NOT NULL PRIMARY KEY AUTOINCREMENT, "group_id" integer NOT NULL REFERENCES "auth_group" ("id") DEFERRABLE INITIALLY DEFERRED, "permission_id" integer NOT NULL REFERENCES "auth_permission" ("id") DEFERRABLE INITIALLY DEFERRED);
CREATE TABLE IF NOT EXISTS "auth_user_groups" ("id" integer NOT NULL PRIMARY KEY AUTOINCREMENT, "user_id" integer NOT NULL REFERENCES "auth_user" ("id") DEFERRABLE INITIALLY DEFERRED, "group_id" integer NOT NULL REFERENCES "auth_group" ("id") DEFERRABLE INITIALLY DEFERRED);
CREATE TABLE IF NOT EXISTS "auth_user_user_permissions" ("id" integer NOT NULL PRIMARY KEY AUTOINCREMENT, "user_id" integer NOT NULL REFERENCES "auth_user" ("id") DEFERRABLE INITIALLY DEFERRED, "permission_id" integer NOT NULL REFERENCES "auth_permission" ("id") DEFERRABLE INITIALLY DEFERRED);
CREATE TABLE IF NOT EXISTS "django_admin_log" ("id" integer NOT NULL PRIMARY KEY AUTOINCREMENT, "object_id" text NULL, "object_repr" varchar(200) NOT NULL, "action_flag" smallint unsigned NOT NULL CHECK ("action_flag" >= 0), "change_message" text NOT NULL, "content_type_id" integer NULL REFERENCES "django_content_type" ("id") DEFERRABLE INITIALLY DEFERRED, "user_id" integer NOT NULL REFERENCES "auth_user" ("id") DEFERRABLE INITIALLY DEFERRED, "action_time" datetime NOT NULL);
INSERT INTO django_admin_log VALUES(1,'3','alexis',1,'[{"added": {}}]',4,1,'2022-10-21 15:17:40.246736');
CREATE TABLE IF NOT EXISTS "django_content_type" ("id" integer NOT NULL PRIMARY KEY AUTOINCREMENT, "app_label" varchar(100) NOT NULL, "model" varchar(100) NOT NULL);
INSERT INTO django_content_type VALUES(1,'admin','logentry');
INSERT INTO django_content_type VALUES(2,'auth','permission');
INSERT INTO django_content_type VALUES(3,'auth','group');
INSERT INTO django_content_type VALUES(4,'auth','user');
INSERT INTO django_content_type VALUES(5,'contenttypes','contenttype');
INSERT INTO django_content_type VALUES(6,'sessions','session');
INSERT INTO django_content_type VALUES(7,'pcMaker','gpu');
INSERT INTO django_content_type VALUES(8,'pcMaker','motherboard');
INSERT INTO django_content_type VALUES(9,'pcMaker','processeur');
INSERT INTO django_content_type VALUES(10,'pcMaker','ram');
INSERT INTO django_content_type VALUES(11,'pcMaker','stockage');
INSERT INTO django_content_type VALUES(12,'pcMaker','ordinateur');
CREATE TABLE IF NOT EXISTS "auth_permission" ("id" integer NOT NULL PRIMARY KEY AUTOINCREMENT, "content_type_id" integer NOT NULL REFERENCES "django_content_type" ("id") DEFERRABLE INITIALLY DEFERRED, "codename" varchar(100) NOT NULL, "name" varchar(255) NOT NULL);
INSERT INTO auth_permission VALUES(1,1,'add_logentry','Can add log entry');
INSERT INTO auth_permission VALUES(2,1,'change_logentry','Can change log entry');
INSERT INTO auth_permission VALUES(3,1,'delete_logentry','Can delete log entry');
INSERT INTO auth_permission VALUES(4,1,'view_logentry','Can view log entry');
INSERT INTO auth_permission VALUES(5,2,'add_permission','Can add permission');
INSERT INTO auth_permission VALUES(6,2,'change_permission','Can change permission');
INSERT INTO auth_permission VALUES(7,2,'delete_permission','Can delete permission');
INSERT INTO auth_permission VALUES(8,2,'view_permission','Can view permission');
INSERT INTO auth_permission VALUES(9,3,'add_group','Can add group');
INSERT INTO auth_permission VALUES(10,3,'change_group','Can change group');
INSERT INTO auth_permission VALUES(11,3,'delete_group','Can delete group');
INSERT INTO auth_permission VALUES(12,3,'view_group','Can view group');
INSERT INTO auth_permission VALUES(13,4,'add_user','Can add user');
INSERT INTO auth_permission VALUES(14,4,'change_user','Can change user');
INSERT INTO auth_permission VALUES(15,4,'delete_user','Can delete user');
INSERT INTO auth_permission VALUES(16,4,'view_user','Can view user');
INSERT INTO auth_permission VALUES(17,5,'add_contenttype','Can add content type');
INSERT INTO auth_permission VALUES(18,5,'change_contenttype','Can change content type');
INSERT INTO auth_permission VALUES(19,5,'delete_contenttype','Can delete content type');
INSERT INTO auth_permission VALUES(20,5,'view_contenttype','Can view content type');
INSERT INTO auth_permission VALUES(21,6,'add_session','Can add session');
INSERT INTO auth_permission VALUES(22,6,'change_session','Can change session');
INSERT INTO auth_permission VALUES(23,6,'delete_session','Can delete session');
INSERT INTO auth_permission VALUES(24,6,'view_session','Can view session');
INSERT INTO auth_permission VALUES(25,7,'add_gpu','Can add gpu');
INSERT INTO auth_permission VALUES(26,7,'change_gpu','Can change gpu');
INSERT INTO auth_permission VALUES(27,7,'delete_gpu','Can delete gpu');
INSERT INTO auth_permission VALUES(28,7,'view_gpu','Can view gpu');
INSERT INTO auth_permission VALUES(29,8,'add_motherboard','Can add mother board');
INSERT INTO auth_permission VALUES(30,8,'change_motherboard','Can change mother board');
INSERT INTO auth_permission VALUES(31,8,'delete_motherboard','Can delete mother board');
INSERT INTO auth_permission VALUES(32,8,'view_motherboard','Can view mother board');
INSERT INTO auth_permission VALUES(33,9,'add_processeur','Can add processeur');
INSERT INTO auth_permission VALUES(34,9,'change_processeur','Can change processeur');
INSERT INTO auth_permission VALUES(35,9,'delete_processeur','Can delete processeur');
INSERT INTO auth_permission VALUES(36,9,'view_processeur','Can view processeur');
INSERT INTO auth_permission VALUES(37,10,'add_ram','Can add ram');
INSERT INTO auth_permission VALUES(38,10,'change_ram','Can change ram');
INSERT INTO auth_permission VALUES(39,10,'delete_ram','Can delete ram');
INSERT INTO auth_permission VALUES(40,10,'view_ram','Can view ram');
INSERT INTO auth_permission VALUES(41,11,'add_stockage','Can add stockage');
INSERT INTO auth_permission VALUES(42,11,'change_stockage','Can change stockage');
INSERT INTO auth_permission VALUES(43,11,'delete_stockage','Can delete stockage');
INSERT INTO auth_permission VALUES(44,11,'view_stockage','Can view stockage');
INSERT INTO auth_permission VALUES(45,12,'add_ordinateur','Can add ordinateur');
INSERT INTO auth_permission VALUES(46,12,'change_ordinateur','Can change ordinateur');
INSERT INTO auth_permission VALUES(47,12,'delete_ordinateur','Can delete ordinateur');
INSERT INTO auth_permission VALUES(48,12,'view_ordinateur','Can view ordinateur');
CREATE TABLE IF NOT EXISTS "auth_group" ("id" integer NOT NULL PRIMARY KEY AUTOINCREMENT, "name" varchar(150) NOT NULL UNIQUE);
CREATE TABLE IF NOT EXISTS "auth_user" ("id" integer NOT NULL PRIMARY KEY AUTOINCREMENT, "password" varchar(128) NOT NULL, "last_login" datetime NULL, "is_superuser" bool NOT NULL, "username" varchar(150) NOT NULL UNIQUE, "last_name" varchar(150) NOT NULL, "email" varchar(254) NOT NULL, "is_staff" bool NOT NULL, "is_active" bool NOT NULL, "date_joined" datetime NOT NULL, "first_name" varchar(150) NOT NULL);
INSERT INTO auth_user VALUES(1,'pbkdf2_sha256$260000$hn327t5O3bbw2lOfhBRHE1$aozwMzizwWj+75WATBgVLBkauglkNYcl0kQ+9+SZ+JE=','2022-11-16 19:56:55.789307',1,'admin','','',1,1,'2022-10-20 08:36:23.248072','');
INSERT INTO auth_user VALUES(2,'pbkdf2_sha256$260000$7Z2Ks3fIMeyLtcj9IKZ7J2$ByccLsi3w39Ssv2OEybyBCNktqPGsA5dZZgxquWLXsc=',NULL,0,'Niraj','','deyneeraj666.com',0,1,'2022-10-21 10:55:57.164297','');
INSERT INTO auth_user VALUES(3,'pbkdf2_sha256$260000$wFOQvf9Ht79N8A4xj4QyN7$N4rDL0KHCiKIDo+g//ekUjPlkRmeqjYK/Hlx7rL+x9Y=','2022-11-16 20:18:42.727704',0,'alexis','','',0,1,'2022-10-21 15:17:39.986618','');
CREATE TABLE IF NOT EXISTS "pcMaker_gpu" ("id" integer NOT NULL PRIMARY KEY AUTOINCREMENT, "marque" varchar(24) NOT NULL, "modele" varchar(24) NOT NULL);
INSERT INTO pcMaker_gpu VALUES(1,'Nvidia','RTX4090');
INSERT INTO pcMaker_gpu VALUES(2,'AMD','RX6900');
CREATE TABLE IF NOT EXISTS "pcMaker_motherboard" ("id" integer NOT NULL PRIMARY KEY AUTOINCREMENT, "marque" varchar(12) NOT NULL, "chipset" varchar(4) NOT NULL);
INSERT INTO pcMaker_motherboard VALUES(1,'Asus','B550');
INSERT INTO pcMaker_motherboard VALUES(2,'Gigabyte','X570');
INSERT INTO pcMaker_motherboard VALUES(3,'Asrock','X570');
CREATE TABLE IF NOT EXISTS "pcMaker_processeur" ("id" integer NOT NULL PRIMARY KEY AUTOINCREMENT, "marque" varchar(5) NOT NULL, "categorie" varchar(2) NOT NULL, "modele" varchar(10) NOT NULL);
INSERT INTO pcMaker_processeur VALUES(1,'Intel','i7','12700');
INSERT INTO pcMaker_processeur VALUES(2,'Intel','i5','12600');
INSERT INTO pcMaker_processeur VALUES(3,'Ryzen','R5','7600X');
CREATE TABLE IF NOT EXISTS "pcMaker_ram" ("id" integer NOT NULL PRIMARY KEY AUTOINCREMENT, "marque" varchar(24) NOT NULL, "frequence" varchar(5) NOT NULL, "taille" integer NOT NULL);
INSERT INTO pcMaker_ram VALUES(1,'Corsair','3600',64);
INSERT INTO pcMaker_ram VALUES(2,'G.Skill','3200',32);
CREATE TABLE IF NOT EXISTS "pcMaker_stockage" ("id" integer NOT NULL PRIMARY KEY AUTOINCREMENT, "type" varchar(3) NOT NULL, "taille" integer NOT NULL);
INSERT INTO pcMaker_stockage VALUES(1,'SSD',1000);
INSERT INTO pcMaker_stockage VALUES(2,'SSD',256);
INSERT INTO pcMaker_stockage VALUES(3,'HDD',2000);
CREATE TABLE IF NOT EXISTS "pcMaker_ordinateur" ("id" integer NOT NULL PRIMARY KEY AUTOINCREMENT, "alimentation" integer NOT NULL, "gpu_id" bigint NOT NULL REFERENCES "pcMaker_gpu" ("id") DEFERRABLE INITIALLY DEFERRED, "motherBoard_id" bigint NOT NULL REFERENCES "pcMaker_motherboard" ("id") DEFERRABLE INITIALLY DEFERRED, "processeur_id" bigint NOT NULL REFERENCES "pcMaker_processeur" ("id") DEFERRABLE INITIALLY DEFERRED, "ram_id" bigint NOT NULL REFERENCES "pcMaker_ram" ("id") DEFERRABLE INITIALLY DEFERRED, "user_id" integer NOT NULL REFERENCES "auth_user" ("id") DEFERRABLE INITIALLY DEFERRED);
INSERT INTO pcMaker_ordinateur VALUES(8,1200,1,1,1,1,1);
INSERT INTO pcMaker_ordinateur VALUES(10,1000,1,2,1,1,1);
INSERT INTO pcMaker_ordinateur VALUES(15,900,1,2,1,1,1);
INSERT INTO pcMaker_ordinateur VALUES(16,666,1,3,3,2,3);
CREATE TABLE IF NOT EXISTS "pcMaker_ordinateur_stockage" ("id" integer NOT NULL PRIMARY KEY AUTOINCREMENT, "ordinateur_id" bigint NOT NULL REFERENCES "pcMaker_ordinateur" ("id") DEFERRABLE INITIALLY DEFERRED, "stockage_id" bigint NOT NULL REFERENCES "pcMaker_stockage" ("id") DEFERRABLE INITIALLY DEFERRED);
INSERT INTO pcMaker_ordinateur_stockage VALUES(6,8,1);
INSERT INTO pcMaker_ordinateur_stockage VALUES(7,8,2);
INSERT INTO pcMaker_ordinateur_stockage VALUES(8,10,1);
INSERT INTO pcMaker_ordinateur_stockage VALUES(9,10,2);
INSERT INTO pcMaker_ordinateur_stockage VALUES(15,15,1);
INSERT INTO pcMaker_ordinateur_stockage VALUES(16,15,2);
INSERT INTO pcMaker_ordinateur_stockage VALUES(17,16,1);
INSERT INTO pcMaker_ordinateur_stockage VALUES(18,16,3);
CREATE TABLE IF NOT EXISTS "django_session" ("session_key" varchar(40) NOT NULL PRIMARY KEY, "session_data" text NOT NULL, "expire_date" datetime NOT NULL);
INSERT INTO django_session VALUES('32ur9kmvmuyidroucowzkhag7ovsirll','.eJxVjMsOwiAQRf-FtSHQ4dFx6d5vIAMMUjU0Ke3K-O_apAvd3nPOfYlA21rD1nkJUxZnAeL0u0VKD247yHdqt1mmua3LFOWuyIN2eZ0zPy-H-3dQqddvbQux9QQRABOCVQ61RnQF1KggZsPaG1-QULvReQPFDZ5TVJAUOB7E-wPAZDbF:1ovOda:zaRVkCE1TWCAUn7EJdAxDB67MgQ_WNu7Z3sP0a9YMaY','2022-11-30 20:03:58.809423');
INSERT INTO django_session VALUES('a0jcxfvk46c3eb5daili5jtyutlyxhpg','.eJxVjMsOwiAQRf-FtSHQ4dFx6d5vIAMMUjU0Ke3K-O_apAvd3nPOfYlA21rD1nkJUxZnAeL0u0VKD247yHdqt1mmua3LFOWuyIN2eZ0zPy-H-3dQqddvbQux9QQRABOCVQ61RnQF1KggZsPaG1-QULvReQPFDZ5TVJAUOB7E-wPAZDbF:1ovOlk:uF0S6HSlFrXfu2tMB5zUUuHKiHDucCl4fvyTkMYlojc','2022-11-30 20:12:24.414186');
INSERT INTO django_session VALUES('578gc05oizbrfvv6lltysprfa7xax5sq','.eJxVjMsOwiAQRf-FtSHQ4dFx6d5vIAMMUjU0Ke3K-O_apAvd3nPOfYlA21rD1nkJUxZnAeL0u0VKD247yHdqt1mmua3LFOWuyIN2eZ0zPy-H-3dQqddvbQux9QQRABOCVQ61RnQF1KggZsPaG1-QULvReQPFDZ5TVJAUOB7E-wPAZDbF:1ovOmF:UapSCFFXl3KRtGSFteR_fQLOPMJfFk8NDa3GLos3OkU','2022-11-30 20:12:55.403009');
INSERT INTO django_session VALUES('4g0cr6uwixxrburytuco76rnwrunl353','.eJxVjMsOwiAQRf-FtSHQ4dFx6d5vIAMMUjU0Ke3K-O_apAvd3nPOfYlA21rD1nkJUxZnAeL0u0VKD247yHdqt1mmua3LFOWuyIN2eZ0zPy-H-3dQqddvbQux9QQRABOCVQ61RnQF1KggZsPaG1-QULvReQPFDZ5TVJAUOB7E-wPAZDbF:1ovOmx:SR7CTo0fN2HjGqawT2PXLQWkhX2g9fTOaW6M4WOv_MM','2022-11-30 20:13:39.326227');
INSERT INTO django_session VALUES('7g45uh6tn90bua9mu85m0z0jtg033k8b','.eJxVjMsOwiAQRf-FtSHQ4dFx6d5vIAMMUjU0Ke3K-O_apAvd3nPOfYlA21rD1nkJUxZnAeL0u0VKD247yHdqt1mmua3LFOWuyIN2eZ0zPy-H-3dQqddvbQux9QQRABOCVQ61RnQF1KggZsPaG1-QULvReQPFDZ5TVJAUOB7E-wPAZDbF:1ovOps:cGlWo_zzNQdgpgrC-ScaEZFh36Rip5tLI_xZms8RmgA','2022-11-30 20:16:40.370689');
INSERT INTO django_session VALUES('4rkjm4qdyip7yr2khfqzcvv0pbnzi399','.eJxVjMsOwiAQRf-FtSHQ4dFx6d5vIAMMUjU0Ke3K-O_apAvd3nPOfYlA21rD1nkJUxZnAeL0u0VKD247yHdqt1mmua3LFOWuyIN2eZ0zPy-H-3dQqddvbQux9QQRABOCVQ61RnQF1KggZsPaG1-QULvReQPFDZ5TVJAUOB7E-wPAZDbF:1ovOqF:KA5ispBpq7zFVRe3faGJQMLNqddOW8L8zNREocF0oy8','2022-11-30 20:17:03.343722');
INSERT INTO django_session VALUES('7uzhrh02wno9wpyp7raus6mm4hgzxf5m','.eJxVjMsOwiAQRf-FtSHQ4dFx6d5vIAMMUjU0Ke3K-O_apAvd3nPOfYlA21rD1nkJUxZnAeL0u0VKD247yHdqt1mmua3LFOWuyIN2eZ0zPy-H-3dQqddvbQux9QQRABOCVQ61RnQF1KggZsPaG1-QULvReQPFDZ5TVJAUOB7E-wPAZDbF:1ovOrq:hUSPwdEkWW-Bfrof-q9E0bn2Hc42u1beqZyySAM_Tvw','2022-11-30 20:18:42.852735');
DELETE FROM sqlite_sequence;
INSERT INTO sqlite_sequence VALUES('django_migrations',19);
INSERT INTO sqlite_sequence VALUES('django_admin_log',1);
INSERT INTO sqlite_sequence VALUES('django_content_type',12);
INSERT INTO sqlite_sequence VALUES('auth_permission',48);
INSERT INTO sqlite_sequence VALUES('auth_group',0);
INSERT INTO sqlite_sequence VALUES('auth_user',3);
INSERT INTO sqlite_sequence VALUES('pcMaker_motherboard',3);
INSERT INTO sqlite_sequence VALUES('pcMaker_processeur',3);
INSERT INTO sqlite_sequence VALUES('pcMaker_gpu',2);
INSERT INTO sqlite_sequence VALUES('pcMaker_ram',2);
INSERT INTO sqlite_sequence VALUES('pcMaker_stockage',3);
INSERT INTO sqlite_sequence VALUES('pcMaker_ordinateur',16);
INSERT INTO sqlite_sequence VALUES('pcMaker_ordinateur_stockage',18);
CREATE UNIQUE INDEX "auth_group_permissions_group_id_permission_id_0cd325b0_uniq" ON "auth_group_permissions" ("group_id", "permission_id");
CREATE INDEX "auth_group_permissions_group_id_b120cbf9" ON "auth_group_permissions" ("group_id");
CREATE INDEX "auth_group_permissions_permission_id_84c5c92e" ON "auth_group_permissions" ("permission_id");
CREATE UNIQUE INDEX "auth_user_groups_user_id_group_id_94350c0c_uniq" ON "auth_user_groups" ("user_id", "group_id");
CREATE INDEX "auth_user_groups_user_id_6a12ed8b" ON "auth_user_groups" ("user_id");
CREATE INDEX "auth_user_groups_group_id_97559544" ON "auth_user_groups" ("group_id");
CREATE UNIQUE INDEX "auth_user_user_permissions_user_id_permission_id_14a6b632_uniq" ON "auth_user_user_permissions" ("user_id", "permission_id");
CREATE INDEX "auth_user_user_permissions_user_id_a95ead1b" ON "auth_user_user_permissions" ("user_id");
CREATE INDEX "auth_user_user_permissions_permission_id_1fbb5f2c" ON "auth_user_user_permissions" ("permission_id");
CREATE INDEX "django_admin_log_content_type_id_c4bce8eb" ON "django_admin_log" ("content_type_id");
CREATE INDEX "django_admin_log_user_id_c564eba6" ON "django_admin_log" ("user_id");
CREATE UNIQUE INDEX "django_content_type_app_label_model_76bd3d3b_uniq" ON "django_content_type" ("app_label", "model");
CREATE UNIQUE INDEX "auth_permission_content_type_id_codename_01ab375a_uniq" ON "auth_permission" ("content_type_id", "codename");
CREATE INDEX "auth_permission_content_type_id_2f476e4b" ON "auth_permission" ("content_type_id");
CREATE INDEX "pcMaker_ordinateur_gpu_id_67c19243" ON "pcMaker_ordinateur" ("gpu_id");
CREATE INDEX "pcMaker_ordinateur_motherBoard_id_21998244" ON "pcMaker_ordinateur" ("motherBoard_id");
CREATE INDEX "pcMaker_ordinateur_processeur_id_04db8522" ON "pcMaker_ordinateur" ("processeur_id");
CREATE INDEX "pcMaker_ordinateur_ram_id_f1858767" ON "pcMaker_ordinateur" ("ram_id");
CREATE INDEX "pcMaker_ordinateur_user_id_a7c435f1" ON "pcMaker_ordinateur" ("user_id");
CREATE UNIQUE INDEX "pcMaker_ordinateur_stockage_ordinateur_id_stockage_id_c8b981dc_uniq" ON "pcMaker_ordinateur_stockage" ("ordinateur_id", "stockage_id");
CREATE INDEX "pcMaker_ordinateur_stockage_ordinateur_id_ab8a5c35" ON "pcMaker_ordinateur_stockage" ("ordinateur_id");
CREATE INDEX "pcMaker_ordinateur_stockage_stockage_id_d4217ef7" ON "pcMaker_ordinateur_stockage" ("stockage_id");
CREATE INDEX "django_session_expire_date_a5c62663" ON "django_session" ("expire_date");
COMMIT;